{"initial_reset_timestamp": 1549228839.4457479, "timestamps": [1549228842.5862293, 1549228845.646387, 1549228845.776509, 1549228845.8248394, 1549228845.8653545, 1549228845.9136553, 1549228845.9441504, 1549228845.9783728, 1549228849.3880825, 1549228849.5689821, 1549228849.6272576, 1549228849.6799212, 1549228849.7232392, 1549228849.7781737, 1549228849.8617685, 1549228849.994042, 1549228850.071542, 1549228850.1453695, 1549228850.2341273, 1549228850.3397405, 1549228850.421097, 1549228850.5355868, 1549228850.6352465, 1549228850.7052314, 1549228850.8053823, 1549228850.8903577, 1549228850.9971843, 1549228854.4119954, 1549228854.6575196, 1549228854.7556713, 1549228854.8469152, 1549228854.9317524, 1549228855.0132544, 1549228855.105435, 1549228855.194115, 1549228855.2715871, 1549228855.3263257, 1549228855.4101725, 1549228855.4623098, 1549228855.5449824, 1549228855.6115832, 1549228855.7073374, 1549228855.7949064, 1549228855.8599293, 1549228855.9180257, 1549228855.9961836, 1549228856.0743694, 1549228856.1878603, 1549228856.29764, 1549228856.3808076, 1549228856.480671, 1549228856.5786555, 1549228856.7040057, 1549228856.8318346, 1549228856.917718, 1549228857.032008, 1549228857.157137, 1549228857.2781067, 1549228857.3796766, 1549228857.4855065, 1549228857.5592234, 1549228857.6109314, 1549228857.6692278, 1549228857.7226772, 1549228860.712471, 1549228860.9673743, 1549228861.047352, 1549228861.1356382, 1549228861.2159634, 1549228861.2854779, 1549228861.3714604, 1549228861.4679828, 1549228861.5641856, 1549228861.660568, 1549228861.7632306, 1549228861.8380032, 1549228861.9161108, 1549228862.0033417, 1549228862.0872269, 1549228862.1792452, 1549228862.2652311, 1549228862.3677752, 1549228862.4491646, 1549228862.519913, 1549228862.6047492, 1549228862.681972, 1549228862.7716432, 1549228862.8399556, 1549228862.9417484, 1549228863.025751, 1549228863.1000752, 1549228863.1897411, 1549228863.2807608, 1549228863.3367589, 1549228863.4208426, 1549228863.5091958, 1549228863.5574005, 1549228863.6577635, 1549228863.747035, 1549228863.8217132], "episode_lengths": [179, 174, 200, 200, 164, 196, 125, 138, 200, 200, 200, 200, 161, 180, 200, 200, 132, 138, 159, 200, 200, 200, 200, 140, 197, 147, 192, 192, 172, 200, 200, 176, 200, 200, 192, 200, 144, 200, 142, 200, 182, 200, 156, 140, 143, 200, 128, 173, 200, 181, 200, 195, 200, 200, 136, 200, 200, 200, 172, 200, 141, 175, 200, 200, 172, 200, 200, 200, 188, 181, 191, 200, 200, 200, 200, 200, 200, 200, 200, 200, 200, 200, 190, 200, 200, 177, 200, 200, 200, 200, 195, 200, 200, 154, 200, 174, 124, 200, 163, 200], "episode_rewards": [179.0, 174.0, 200.0, 200.0, 164.0, 196.0, 125.0, 138.0, 200.0, 200.0, 200.0, 200.0, 161.0, 180.0, 200.0, 200.0, 132.0, 138.0, 159.0, 200.0, 200.0, 200.0, 200.0, 140.0, 197.0, 147.0, 192.0, 192.0, 172.0, 200.0, 200.0, 176.0, 200.0, 200.0, 192.0, 200.0, 144.0, 200.0, 142.0, 200.0, 182.0, 200.0, 156.0, 140.0, 143.0, 200.0, 128.0, 173.0, 200.0, 181.0, 200.0, 195.0, 200.0, 200.0, 136.0, 200.0, 200.0, 200.0, 172.0, 200.0, 141.0, 175.0, 200.0, 200.0, 172.0, 200.0, 200.0, 200.0, 188.0, 181.0, 191.0, 200.0, 200.0, 200.0, 200.0, 200.0, 200.0, 200.0, 200.0, 200.0, 200.0, 200.0, 190.0, 200.0, 200.0, 177.0, 200.0, 200.0, 200.0, 200.0, 195.0, 200.0, 200.0, 154.0, 200.0, 174.0, 124.0, 200.0, 163.0, 200.0], "episode_types": ["t", "t", "t", "t", "t", "t", "t", "t", "t", "t", "t", "t", "t", "t", "t", "t", "t", "t", "t", "t", "t", "t", "t", "t", "t", "t", "t", "t", "t", "t", "t", "t", "t", "t", "t", "t", "t", "t", "t", "t", "t", "t", "t", "t", "t", "t", "t", "t", "t", "t", "t", "t", "t", "t", "t", "t", "t", "t", "t", "t", "t", "t", "t", "t", "t", "t", "t", "t", "t", "t", "t", "t", "t", "t", "t", "t", "t", "t", "t", "t", "t", "t", "t", "t", "t", "t", "t", "t", "t", "t", "t", "t", "t", "t", "t", "t", "t", "t", "t", "t"]}