{"initial_reset_timestamp": 1549228651.1860657, "timestamps": [1549228667.9925814], "episode_lengths": [1000], "episode_rewards": [-1.0048407475930927], "episode_types": ["t", "t"]}